"Vorname,""Nachname"",""EMail"",""Benutzername"",""Passwort"""
"hha,""hsh"",""hha.hsh@noseryoung.com"",""hha.hsh"""
"alloa,""alloa"",""alloa.alloa@noseryoung.com"",""alloa.alloa"""
"asdfj,-,""asdfghjkl?"",""asdfj,-.asdfghjkl?@noseryoung.com"",""asdfj,-.asdfghjkl?"""
"rrrr,""rrrrrrrrr"","""","""""
"ffff,""fffff"","""","""""
"hallo,""hallo"","""","""""
"ggggggg,""ggggggggg"",""ggggggg.ggggggggg@noseryoung.com"","""""
"asdfghjkl,""sdfghjkl"",""asdfghjkl.sdfghjkl@noseryoung.com"",""asdfghjkl.sdfghjkl"""

